id_registration,id_student,code_module,code_presentation,date_registration,date_unregistration,final_result
1,104,AAA,2013J,-13,,Fail
2,57,AAA,2013J,-6,,Withdrawn
3,166,AAA,2013J,-12,,Credit
4,93,AAA,2013J,-8,,Credit
5,151,AAA,2013J,-6,,Credit
6,87,AAA,2013J,-7,,Fail
7,197,AAA,2013J,-12,,Withdrawn
8,132,AAA,2013J,-8,291.0,Credit
9,103,AAA,2013J,-7,,Withdrawn
10,12,AAA,2013J,-8,,Pass
11,45,AAA,2013J,-9,,Withdrawn
12,135,AAA,2013J,-11,,Fail
13,140,AAA,2013J,-10,,Distinction
14,108,AAA,2013J,-10,,Withdrawn
15,16,AAA,2013J,-7,,Credit
16,28,AAA,2013J,-12,,Credit
17,96,AAA,2013J,-7,,Fail
18,154,AAA,2013J,-7,,Credit
19,153,AAA,2013J,-9,,Credit
20,182,AAA,2013J,-15,,Pass
21,46,AAA,2013J,-13,,Distinction
22,85,AAA,2013J,-9,,Withdrawn
23,139,AAA,2013J,-8,,Withdrawn
24,53,AAA,2013J,-10,,Credit
25,92,AAA,2013J,-11,,Distinction
26,82,AAA,2013J,-12,,Fail
27,89,AAA,2013J,-10,,Withdrawn
28,43,AAA,2013J,-8,,Distinction
29,71,AAA,2013J,-9,,Pass
30,149,AAA,2013J,-15,229.0,Pass
31,27,AAA,2013J,-14,,Pass
32,156,AAA,2013J,-14,,Fail
33,105,AAA,2013J,-15,,Pass
34,48,AAA,2013J,-12,,Withdrawn
35,29,AAA,2013J,-9,,Credit
36,52,AAA,2013J,-6,,Credit
37,61,AAA,2013J,-15,291.0,Credit
38,7,AAA,2013J,-9,,Distinction
39,193,AAA,2013J,-7,,Pass
40,41,AAA,2013J,-8,,Withdrawn
41,116,AAA,2013J,-13,,Fail
42,102,AAA,2013J,-8,295.0,Pass
43,110,AAA,2013J,-12,,Withdrawn
44,171,AAA,2013J,-9,,Credit
45,58,AAA,2013J,-9,,Withdrawn
46,106,AAA,2013J,-13,,Pass
47,129,AAA,2013J,-12,,Credit
48,56,AAA,2013J,-14,,Withdrawn
49,176,AAA,2013J,-12,,Credit
50,120,AAA,2013J,-13,,Fail
51,54,AAA,2013J,-12,,Distinction
52,97,AAA,2013J,-14,,Pass
53,164,AAA,2013J,-12,,Fail
54,117,AAA,2013J,-8,,Pass
55,158,AAA,2013J,-9,,Distinction
56,51,AAA,2013J,-14,213.0,Distinction
57,32,AAA,2013J,-8,,Distinction
58,167,AAA,2014J,-7,,Distinction
59,123,AAA,2014J,-8,,Pass
60,136,AAA,2014J,-6,,Withdrawn
61,116,AAA,2014J,-10,,Pass
62,162,AAA,2014J,-14,,Fail
63,143,AAA,2014J,-12,,Fail
64,38,AAA,2014J,-10,,Withdrawn
65,6,AAA,2014J,-6,256.0,Credit
66,152,AAA,2014J,-7,,Pass
67,93,AAA,2014J,-8,,Withdrawn
68,158,AAA,2014J,-10,,Distinction
69,187,AAA,2014J,-7,,Credit
70,121,AAA,2014J,-15,,Credit
71,65,AAA,2014J,-13,,Distinction
72,191,AAA,2014J,-8,,Pass
73,28,AAA,2014J,-10,,Withdrawn
74,1,AAA,2014J,-7,,Withdrawn
75,5,AAA,2014J,-14,,Pass
76,84,AAA,2014J,-7,297.0,Fail
77,91,AAA,2014J,-6,,Distinction
78,50,AAA,2014J,-11,,Credit
79,161,AAA,2014J,-8,,Pass
80,198,AAA,2014J,-11,217.0,Withdrawn
81,90,AAA,2014J,-11,,Credit
82,118,AAA,2014J,-8,,Withdrawn
83,67,AAA,2014J,-13,,Credit
84,20,AAA,2014J,-8,,Withdrawn
85,66,AAA,2014J,-15,,Pass
86,137,AAA,2014J,-8,,Pass
87,174,AAA,2014J,-7,,Withdrawn
88,58,AAA,2014J,-7,,Fail
89,160,AAA,2014J,-10,,Withdrawn
90,155,AAA,2014J,-6,,Credit
91,141,AAA,2014J,-6,,Withdrawn
92,139,AAA,2014J,-9,,Fail
93,52,AAA,2014J,-14,,Withdrawn
94,30,AAA,2014J,-9,,Withdrawn
95,68,AAA,2014J,-15,,Credit
96,63,AAA,2014J,-8,,Pass
97,2,AAA,2014J,-9,,Credit
98,97,AAA,2014J,-11,,Fail
99,140,AAA,2014J,-12,,Credit
100,142,AAA,2014J,-12,,Distinction
101,13,AAA,2014J,-10,,Distinction
102,92,AAA,2014J,-10,,Pass
103,22,AAA,2014J,-14,,Withdrawn
104,181,AAA,2014J,-12,,Fail
105,200,AAA,2014J,-9,232.0,Pass
106,112,AAA,2014J,-6,297.0,Credit
107,119,AAA,2014J,-12,,Withdrawn
108,120,AAA,2014J,-7,,Withdrawn
109,186,BBB,2013B,-13,,Withdrawn
110,105,BBB,2013B,-15,,Fail
111,87,BBB,2013B,-9,,Credit
112,133,BBB,2013B,-9,,Withdrawn
113,48,BBB,2013B,-7,,Fail
114,98,BBB,2013B,-8,,Fail
115,35,BBB,2013B,-14,216.0,Pass
116,85,BBB,2013B,-7,,Credit
117,55,BBB,2013B,-13,,Distinction
118,59,BBB,2013B,-8,,Fail
119,196,BBB,2013B,-9,,Pass
120,16,BBB,2013B,-6,213.0,Credit
121,125,BBB,2013B,-6,,Distinction
122,109,BBB,2013B,-15,,Pass
123,34,BBB,2013B,-15,,Fail
124,52,BBB,2013B,-7,,Withdrawn
125,134,BBB,2013B,-11,,Fail
126,157,BBB,2013B,-8,,Fail
127,135,BBB,2013B,-12,,Credit
128,160,BBB,2013B,-7,,Fail
129,70,BBB,2013B,-6,234.0,Withdrawn
130,5,BBB,2013B,-11,232.0,Distinction
131,108,BBB,2013B,-13,219.0,Withdrawn
132,156,BBB,2013B,-14,,Pass
133,137,BBB,2013B,-14,,Withdrawn
134,144,BBB,2013B,-7,,Pass
135,57,BBB,2013B,-14,,Fail
136,71,BBB,2013B,-9,244.0,Fail
137,181,BBB,2013B,-14,,Credit
138,128,BBB,2013B,-11,207.0,Withdrawn
139,31,BBB,2013B,-10,,Credit
140,39,BBB,2013B,-15,,Credit
141,187,BBB,2013B,-6,281.0,Distinction
142,10,BBB,2013B,-6,,Distinction
143,28,BBB,2013B,-8,,Fail
144,65,BBB,2013B,-15,,Withdrawn
145,119,BBB,2013B,-11,,Fail
146,37,BBB,2013B,-14,,Distinction
147,183,BBB,2013B,-15,,Withdrawn
148,106,BBB,2013B,-7,230.0,Distinction
149,43,BBB,2013B,-12,,Fail
150,69,BBB,2013B,-10,,Credit
151,68,BBB,2013B,-14,,Pass
152,113,BBB,2013B,-15,,Distinction
153,29,BBB,2013B,-11,,Fail
154,96,BBB,2013B,-6,,Withdrawn
155,120,BBB,2013B,-13,,Distinction
156,36,BBB,2013B,-15,,Distinction
157,91,BBB,2013B,-13,,Credit
158,19,BBB,2013B,-13,,Credit
159,129,BBB,2013B,-14,,Pass
160,173,BBB,2013B,-11,,Credit
161,13,BBB,2013B,-10,,Withdrawn
162,56,BBB,2013B,-6,,Withdrawn
163,23,BBB,2013B,-14,,Fail
164,171,BBB,2013B,-12,,Credit
165,111,BBB,2013B,-11,,Withdrawn
166,136,BBB,2013B,-7,,Pass
167,147,BBB,2013J,-14,,Distinction
168,127,BBB,2013J,-15,,Fail
169,66,BBB,2013J,-9,,Credit
170,79,BBB,2013J,-9,,Pass
171,14,BBB,2013J,-10,,Fail
172,114,BBB,2013J,-6,,Distinction
173,154,BBB,2013J,-6,,Withdrawn
174,183,BBB,2013J,-13,,Credit
175,115,BBB,2013J,-10,,Fail
176,59,BBB,2013J,-7,,Pass
177,4,BBB,2013J,-14,,Pass
178,104,BBB,2013J,-14,,Credit
179,193,BBB,2013J,-6,,Distinction
180,97,BBB,2013J,-10,,Distinction
181,45,BBB,2013J,-10,,Fail
182,105,BBB,2013J,-13,,Distinction
183,109,BBB,2013J,-11,,Withdrawn
184,103,BBB,2013J,-14,,Fail
185,63,BBB,2013J,-12,,Fail
186,1,BBB,2013J,-10,242.0,Credit
187,186,BBB,2013J,-9,,Pass
188,148,BBB,2013J,-11,,Credit
189,55,BBB,2013J,-7,210.0,Credit
190,189,BBB,2013J,-8,,Pass
191,131,BBB,2013J,-7,,Distinction
192,166,BBB,2013J,-13,,Fail
193,175,BBB,2013J,-15,,Distinction
194,28,BBB,2013J,-11,,Fail
195,160,BBB,2013J,-12,,Credit
196,173,BBB,2013J,-11,,Withdrawn
197,82,BBB,2013J,-13,,Fail
198,143,BBB,2013J,-10,,Withdrawn
199,65,BBB,2013J,-10,,Credit
200,20,BBB,2013J,-11,278.0,Withdrawn
201,51,BBB,2013J,-6,,Withdrawn
202,178,BBB,2013J,-15,,Credit
203,40,BBB,2013J,-14,,Withdrawn
204,110,BBB,2013J,-14,231.0,Fail
205,12,BBB,2013J,-15,,Fail
206,43,BBB,2013J,-11,,Withdrawn
207,53,BBB,2013J,-6,,Credit
208,139,BBB,2013J,-12,,Credit
209,16,BBB,2013J,-8,,Withdrawn
210,31,BBB,2013J,-12,,Credit
211,128,BBB,2014B,-12,,Pass
212,174,BBB,2014B,-6,,Withdrawn
213,100,BBB,2014B,-10,,Withdrawn
214,164,BBB,2014B,-6,,Fail
215,188,BBB,2014B,-7,,Distinction
216,24,BBB,2014B,-9,,Withdrawn
217,63,BBB,2014B,-13,279.0,Credit
218,6,BBB,2014B,-9,,Credit
219,116,BBB,2014B,-14,,Fail
220,131,BBB,2014B,-13,,Pass
221,123,BBB,2014B,-10,,Fail
222,107,BBB,2014B,-6,,Fail
223,41,BBB,2014B,-13,,Fail
224,162,BBB,2014B,-9,,Distinction
225,103,BBB,2014B,-14,,Distinction
226,134,BBB,2014B,-7,,Withdrawn
227,31,BBB,2014B,-15,,Fail
228,106,BBB,2014B,-12,,Pass
229,86,BBB,2014B,-10,,Fail
230,189,BBB,2014B,-9,,Withdrawn
231,154,BBB,2014B,-7,,Credit
232,20,BBB,2014B,-14,,Pass
233,26,BBB,2014B,-15,,Withdrawn
234,179,BBB,2014B,-10,,Withdrawn
235,121,BBB,2014B,-13,,Credit
236,9,BBB,2014B,-13,,Pass
237,71,BBB,2014B,-11,,Withdrawn
238,57,BBB,2014B,-12,,Credit
239,172,BBB,2014B,-11,,Credit
240,99,BBB,2014B,-12,238.0,Credit
241,14,BBB,2014B,-13,,Distinction
242,140,BBB,2014B,-12,,Fail
243,108,BBB,2014B,-7,,Distinction
244,155,BBB,2014B,-12,223.0,Fail
245,181,BBB,2014B,-6,,Fail
246,175,BBB,2014B,-9,,Fail
247,35,BBB,2014B,-8,,Credit
248,4,BBB,2014B,-7,,Fail
249,45,BBB,2014B,-7,,Pass
250,157,BBB,2014B,-12,,Pass
251,149,BBB,2014B,-7,,Credit
252,1,BBB,2014B,-15,,Credit
253,178,BBB,2014B,-8,,Withdrawn
254,198,BBB,2014B,-6,,Distinction
255,200,BBB,2014B,-11,,Credit
256,80,BBB,2014B,-11,,Credit
257,67,BBB,2014B,-11,,Pass
258,61,BBB,2014B,-13,,Fail
259,170,BBB,2014B,-7,,Distinction
260,159,BBB,2014B,-14,,Credit
261,111,BBB,2014J,-10,,Withdrawn
262,83,BBB,2014J,-13,,Withdrawn
263,142,BBB,2014J,-12,,Fail
264,90,BBB,2014J,-15,,Pass
265,147,BBB,2014J,-14,,Pass
266,178,BBB,2014J,-9,,Credit
267,129,BBB,2014J,-8,,Fail
268,10,BBB,2014J,-11,,Pass
269,78,BBB,2014J,-13,,Pass
270,192,BBB,2014J,-12,239.0,Credit
271,145,BBB,2014J,-10,,Distinction
272,105,BBB,2014J,-13,,Pass
273,94,BBB,2014J,-6,,Fail
274,75,BBB,2014J,-12,,Distinction
275,96,BBB,2014J,-9,,Pass
276,133,BBB,2014J,-12,,Withdrawn
277,37,BBB,2014J,-12,229.0,Distinction
278,54,BBB,2014J,-15,,Distinction
279,39,BBB,2014J,-11,,Pass
280,109,BBB,2014J,-7,267.0,Fail
281,45,BBB,2014J,-8,,Withdrawn
282,149,BBB,2014J,-10,,Withdrawn
283,31,BBB,2014J,-15,,Fail
284,132,BBB,2014J,-13,,Credit
285,141,BBB,2014J,-11,,Withdrawn
286,188,BBB,2014J,-12,,Fail
287,170,BBB,2014J,-15,,Distinction
288,121,BBB,2014J,-7,,Distinction
289,160,BBB,2014J,-14,,Distinction
290,175,BBB,2014J,-8,,Fail
291,119,BBB,2014J,-10,,Distinction
292,114,BBB,2014J,-13,,Withdrawn
293,18,BBB,2014J,-10,,Pass
294,53,BBB,2014J,-10,,Withdrawn
295,35,BBB,2014J,-13,,Fail
296,100,BBB,2014J,-12,,Withdrawn
297,164,BBB,2014J,-13,,Credit
298,126,BBB,2014J,-8,,Distinction
299,193,BBB,2014J,-15,,Distinction
300,162,BBB,2014J,-14,,Fail
301,67,BBB,2014J,-10,207.0,Pass
302,200,BBB,2014J,-6,,Withdrawn
303,64,BBB,2014J,-15,,Pass
304,168,BBB,2014J,-12,,Withdrawn
305,151,BBB,2014J,-10,,Distinction
306,180,BBB,2014J,-8,296.0,Credit
307,71,BBB,2014J,-9,,Distinction
308,156,BBB,2014J,-6,,Distinction
309,173,BBB,2014J,-7,,Distinction
310,62,BBB,2014J,-7,,Withdrawn
311,185,BBB,2014J,-13,,Distinction
312,56,BBB,2014J,-9,,Pass
313,117,BBB,2014J,-13,,Withdrawn
314,106,BBB,2014J,-15,,Pass
315,87,BBB,2014J,-8,,Withdrawn
316,139,BBB,2014J,-15,,Fail
317,91,BBB,2014J,-6,,Distinction
318,136,BBB,2014J,-9,,Distinction
319,50,BBB,2014J,-12,,Credit
320,171,BBB,2014J,-12,,Fail
321,52,BBB,2014J,-14,227.0,Fail
322,134,BBB,2014J,-15,214.0,Distinction
323,33,CCC,2014B,-8,,Pass
324,16,CCC,2014B,-7,,Distinction
325,25,CCC,2014B,-13,,Pass
326,20,CCC,2014B,-14,,Fail
327,197,CCC,2014B,-9,,Distinction
328,83,CCC,2014B,-8,,Distinction
329,103,CCC,2014B,-15,,Pass
330,61,CCC,2014B,-10,,Withdrawn
331,58,CCC,2014B,-9,295.0,Withdrawn
332,178,CCC,2014B,-10,,Credit
333,154,CCC,2014B,-6,,Withdrawn
334,120,CCC,2014B,-14,,Pass
335,114,CCC,2014B,-8,,Pass
336,82,CCC,2014B,-13,,Credit
337,193,CCC,2014B,-15,229.0,Pass
338,14,CCC,2014B,-15,,Withdrawn
339,9,CCC,2014B,-15,212.0,Withdrawn
340,97,CCC,2014B,-7,,Fail
341,183,CCC,2014B,-13,,Distinction
342,135,CCC,2014B,-14,203.0,Pass
343,161,CCC,2014B,-13,,Fail
344,181,CCC,2014B,-14,282.0,Pass
345,157,CCC,2014B,-10,,Distinction
346,172,CCC,2014B,-9,,Fail
347,177,CCC,2014B,-10,265.0,Credit
348,52,CCC,2014B,-8,,Fail
349,43,CCC,2014B,-14,,Pass
350,74,CCC,2014B,-10,,Withdrawn
351,175,CCC,2014B,-9,,Distinction
352,164,CCC,2014B,-11,218.0,Withdrawn
353,139,CCC,2014B,-13,,Distinction
354,189,CCC,2014B,-9,,Credit
355,156,CCC,2014B,-6,,Fail
356,140,CCC,2014B,-12,,Credit
357,5,CCC,2014B,-12,,Fail
358,173,CCC,2014B,-9,,Fail
359,137,CCC,2014B,-9,,Credit
360,180,CCC,2014B,-14,,Pass
361,174,CCC,2014B,-7,,Distinction
362,106,CCC,2014B,-15,,Credit
363,179,CCC,2014B,-14,,Distinction
364,54,CCC,2014B,-9,,Distinction
365,78,CCC,2014B,-10,,Distinction
366,176,CCC,2014B,-7,,Pass
367,85,CCC,2014B,-7,,Fail
368,71,CCC,2014B,-12,,Pass
369,147,CCC,2014B,-13,,Fail
370,36,CCC,2014B,-13,257.0,Credit
371,60,CCC,2014B,-15,,Distinction
372,72,CCC,2014B,-8,,Withdrawn
373,80,CCC,2014B,-11,,Withdrawn
374,185,CCC,2014B,-15,,Pass
375,89,CCC,2014B,-15,,Distinction
376,24,CCC,2014B,-7,,Pass
377,159,CCC,2014B,-13,,Credit
378,1,CCC,2014B,-15,,Fail
379,66,CCC,2014B,-7,,Credit
380,143,CCC,2014B,-13,,Fail
381,188,CCC,2014B,-9,,Credit
382,11,CCC,2014B,-11,,Credit
383,138,CCC,2014B,-7,,Pass
384,158,CCC,2014B,-10,,Distinction
385,44,CCC,2014B,-12,,Withdrawn
386,145,CCC,2014B,-14,,Fail
387,167,CCC,2014B,-14,,Fail
388,70,CCC,2014B,-11,,Distinction
389,148,CCC,2014B,-12,298.0,Withdrawn
390,90,CCC,2014B,-7,,Credit
391,91,CCC,2014J,-13,,Withdrawn
392,125,CCC,2014J,-6,,Pass
393,161,CCC,2014J,-14,,Distinction
394,152,CCC,2014J,-9,,Fail
395,14,CCC,2014J,-12,,Pass
396,112,CCC,2014J,-13,,Pass
397,85,CCC,2014J,-6,,Credit
398,39,CCC,2014J,-12,,Withdrawn
399,36,CCC,2014J,-14,,Credit
400,169,CCC,2014J,-15,,Withdrawn
401,40,CCC,2014J,-12,,Credit
402,174,CCC,2014J,-7,264.0,Distinction
403,128,CCC,2014J,-10,,Withdrawn
404,151,CCC,2014J,-7,,Withdrawn
405,82,CCC,2014J,-8,,Pass
406,67,CCC,2014J,-6,,Withdrawn
407,110,CCC,2014J,-9,,Credit
408,118,CCC,2014J,-8,,Fail
409,93,CCC,2014J,-9,,Credit
410,9,CCC,2014J,-12,,Distinction
411,159,CCC,2014J,-13,,Fail
412,129,CCC,2014J,-7,,Credit
413,97,CCC,2014J,-13,,Pass
414,178,CCC,2014J,-8,,Withdrawn
415,20,CCC,2014J,-12,,Credit
416,76,CCC,2014J,-12,,Distinction
417,158,CCC,2014J,-15,,Fail
418,89,CCC,2014J,-9,,Withdrawn
419,1,CCC,2014J,-7,259.0,Withdrawn
420,58,CCC,2014J,-7,,Withdrawn
421,166,CCC,2014J,-12,,Pass
422,64,CCC,2014J,-10,,Fail
423,184,CCC,2014J,-10,,Fail
424,30,CCC,2014J,-7,,Credit
425,113,CCC,2014J,-14,,Withdrawn
426,73,CCC,2014J,-7,,Pass
427,70,CCC,2014J,-7,,Pass
428,42,CCC,2014J,-10,,Withdrawn
429,191,CCC,2014J,-10,,Distinction
430,179,CCC,2014J,-9,,Credit
431,127,CCC,2014J,-14,,Distinction
432,34,CCC,2014J,-15,,Credit
433,177,CCC,2014J,-10,,Fail
434,99,CCC,2014J,-12,,Pass
435,63,CCC,2014J,-11,,Distinction
436,188,CCC,2014J,-15,,Pass
437,149,CCC,2014J,-12,,Credit
438,78,CCC,2014J,-8,,Pass
439,23,CCC,2014J,-10,,Credit
440,19,CCC,2014J,-9,,Distinction
441,18,CCC,2014J,-15,240.0,Withdrawn
442,136,CCC,2014J,-7,,Fail
443,37,CCC,2014J,-12,,Distinction
444,66,CCC,2014J,-15,,Withdrawn
445,155,CCC,2014J,-9,,Distinction
446,94,CCC,2014J,-13,,Fail
447,186,CCC,2014J,-12,,Pass
448,48,CCC,2014J,-12,,Credit
449,35,CCC,2014J,-15,,Withdrawn
450,139,CCC,2014J,-9,,Pass
451,154,CCC,2014J,-13,,Distinction
452,41,CCC,2014J,-15,,Withdrawn
453,123,CCC,2014J,-15,,Withdrawn
454,80,CCC,2014J,-13,,Pass
455,140,CCC,2014J,-6,,Fail
456,115,CCC,2014J,-9,,Pass
457,87,CCC,2014J,-7,,Pass
458,101,CCC,2014J,-14,,Pass
459,200,CCC,2014J,-13,279.0,Fail
460,147,CCC,2014J,-15,,Withdrawn
461,141,CCC,2014J,-11,,Distinction
462,3,CCC,2014J,-10,,Distinction
463,195,CCC,2014J,-11,258.0,Distinction
464,190,CCC,2014J,-14,,Pass
465,197,CCC,2014J,-10,,Credit
466,114,CCC,2014J,-9,,Withdrawn
467,62,CCC,2014J,-12,,Pass
468,86,CCC,2014J,-10,,Fail
469,6,CCC,2014J,-8,,Credit
470,69,CCC,2014J,-7,,Credit
471,109,CCC,2014J,-6,,Credit
472,21,CCC,2014J,-11,,Distinction
473,31,DDD,2013B,-9,,Withdrawn
474,55,DDD,2013B,-12,,Distinction
475,142,DDD,2013B,-6,,Distinction
476,99,DDD,2013B,-15,,Distinction
477,86,DDD,2013B,-10,,Pass
478,105,DDD,2013B,-9,,Withdrawn
479,29,DDD,2013B,-6,,Fail
480,180,DDD,2013B,-9,,Distinction
481,102,DDD,2013B,-10,,Withdrawn
482,196,DDD,2013B,-9,,Fail
483,141,DDD,2013B,-9,,Withdrawn
484,121,DDD,2013B,-14,,Fail
485,12,DDD,2013B,-14,,Distinction
486,128,DDD,2013B,-15,,Credit
487,122,DDD,2013B,-13,,Credit
488,90,DDD,2013B,-13,,Distinction
489,140,DDD,2013B,-6,,Pass
490,107,DDD,2013B,-10,,Fail
491,78,DDD,2013B,-8,,Withdrawn
492,161,DDD,2013B,-7,,Distinction
493,44,DDD,2013B,-13,,Credit
494,189,DDD,2013B,-15,,Credit
495,197,DDD,2013B,-13,,Distinction
496,81,DDD,2013B,-14,276.0,Distinction
497,30,DDD,2013B,-11,,Withdrawn
498,80,DDD,2013B,-9,,Credit
499,110,DDD,2013B,-15,,Withdrawn
500,5,DDD,2013B,-6,,Credit
501,136,DDD,2013B,-15,,Distinction
502,88,DDD,2013B,-15,,Pass
503,195,DDD,2013B,-7,,Pass
504,101,DDD,2013B,-11,,Credit
505,72,DDD,2013B,-7,,Distinction
506,14,DDD,2013B,-8,,Withdrawn
507,115,DDD,2013B,-7,,Distinction
508,1,DDD,2013B,-13,,Distinction
509,152,DDD,2013B,-9,,Pass
510,138,DDD,2013B,-13,,Withdrawn
511,146,DDD,2013B,-13,245.0,Distinction
512,188,DDD,2013B,-8,247.0,Credit
513,139,DDD,2013B,-8,,Fail
514,135,DDD,2013B,-7,,Fail
515,117,DDD,2013B,-12,,Withdrawn
516,13,DDD,2013B,-14,,Withdrawn
517,11,DDD,2013B,-10,,Withdrawn
518,176,DDD,2013B,-6,,Pass
519,178,DDD,2013B,-13,,Pass
520,87,DDD,2013B,-9,,Pass
521,173,DDD,2013B,-12,294.0,Pass
522,118,DDD,2013B,-14,,Distinction
523,64,DDD,2013B,-7,297.0,Withdrawn
524,57,DDD,2013B,-8,,Distinction
525,192,DDD,2013B,-12,,Credit
526,77,DDD,2013B,-6,,Withdrawn
527,119,DDD,2013B,-9,,Fail
528,151,DDD,2013B,-15,282.0,Fail
529,95,DDD,2013B,-9,,Fail
530,172,DDD,2013B,-10,,Distinction
531,21,DDD,2013B,-9,,Withdrawn
532,76,DDD,2013B,-6,,Withdrawn
533,56,DDD,2013B,-11,,Credit
534,18,DDD,2013B,-6,,Pass
535,9,DDD,2013B,-10,,Pass
536,37,DDD,2013B,-7,,Pass
537,126,DDD,2013B,-14,,Fail
538,120,DDD,2013B,-6,,Distinction
539,60,DDD,2013B,-6,,Fail
540,103,DDD,2013B,-13,,Credit
541,130,DDD,2013B,-15,,Distinction
542,51,DDD,2013B,-13,,Withdrawn
543,8,DDD,2013B,-15,,Fail
544,156,DDD,2013B,-11,,Withdrawn
545,3,DDD,2013B,-12,,Credit
546,133,DDD,2013B,-9,,Fail
547,145,DDD,2013B,-9,,Fail
548,199,DDD,2013B,-6,,Fail
549,36,DDD,2013B,-15,,Distinction
550,112,DDD,2013B,-11,,Withdrawn
551,38,DDD,2013B,-11,,Withdrawn
552,153,DDD,2013B,-8,,Distinction
553,94,DDD,2013B,-8,,Withdrawn
554,200,DDD,2013B,-9,,Credit
555,16,DDD,2013B,-14,,Distinction
556,91,DDD,2013B,-10,,Pass
557,33,DDD,2013B,-12,,Withdrawn
558,58,DDD,2013B,-6,290.0,Pass
559,62,DDD,2013B,-15,,Pass
560,168,DDD,2013B,-11,,Pass
561,132,DDD,2013B,-11,,Credit
562,61,DDD,2013B,-15,,Pass
563,75,DDD,2013B,-6,,Withdrawn
564,104,DDD,2013B,-11,,Pass
565,170,DDD,2013B,-7,228.0,Pass
566,149,DDD,2013B,-14,,Pass
567,109,DDD,2013B,-7,,Pass
568,69,DDD,2013B,-9,,Credit
569,97,DDD,2013B,-9,,Pass
570,63,DDD,2013B,-11,,Fail
571,114,DDD,2013J,-10,,Distinction
572,195,DDD,2013J,-10,,Fail
573,129,DDD,2013J,-11,,Fail
574,181,DDD,2013J,-13,,Credit
575,107,DDD,2013J,-10,,Distinction
576,177,DDD,2013J,-10,,Pass
577,198,DDD,2013J,-6,,Pass
578,122,DDD,2013J,-15,,Withdrawn
579,68,DDD,2013J,-11,,Distinction
580,5,DDD,2013J,-7,,Withdrawn
581,63,DDD,2013J,-6,,Fail
582,86,DDD,2013J,-6,,Fail
583,188,DDD,2013J,-12,,Fail
584,78,DDD,2013J,-15,,Withdrawn
585,70,DDD,2013J,-15,,Credit
586,76,DDD,2013J,-9,,Pass
587,163,DDD,2013J,-6,,Withdrawn
588,171,DDD,2013J,-9,227.0,Distinction
589,30,DDD,2013J,-9,,Credit
590,82,DDD,2013J,-15,,Withdrawn
591,96,DDD,2013J,-14,,Credit
592,137,DDD,2013J,-11,,Distinction
593,199,DDD,2013J,-8,,Distinction
594,6,DDD,2013J,-12,,Withdrawn
595,33,DDD,2013J,-9,,Distinction
596,85,DDD,2013J,-7,,Distinction
597,61,DDD,2013J,-13,,Distinction
598,16,DDD,2013J,-15,,Distinction
599,74,DDD,2013J,-7,,Pass
600,136,DDD,2013J,-15,,Credit
601,185,DDD,2013J,-13,,Pass
602,27,DDD,2013J,-15,,Credit
603,77,DDD,2013J,-11,,Credit
604,105,DDD,2013J,-10,263.0,Pass
605,81,DDD,2013J,-10,248.0,Pass
606,100,DDD,2013J,-13,,Distinction
607,51,DDD,2013J,-11,,Pass
608,47,DDD,2013J,-9,,Distinction
609,145,DDD,2013J,-10,,Fail
610,41,DDD,2013J,-14,,Withdrawn
611,197,DDD,2013J,-13,,Credit
612,157,DDD,2013J,-15,,Credit
613,176,DDD,2013J,-12,,Distinction
614,187,DDD,2013J,-7,,Fail
615,18,DDD,2013J,-13,,Pass
616,25,DDD,2013J,-8,,Fail
617,79,DDD,2013J,-15,247.0,Distinction
618,134,DDD,2013J,-8,,Credit
619,9,DDD,2013J,-12,,Pass
620,106,DDD,2013J,-7,,Fail
621,99,DDD,2013J,-8,,Withdrawn
622,193,DDD,2013J,-7,,Pass
623,54,DDD,2013J,-6,272.0,Credit
624,191,DDD,2013J,-12,,Credit
625,192,DDD,2013J,-13,,Withdrawn
626,1,DDD,2013J,-13,,Distinction
627,159,DDD,2013J,-13,,Withdrawn
628,190,DDD,2013J,-6,,Credit
629,48,DDD,2013J,-12,,Fail
630,44,DDD,2013J,-9,,Distinction
631,35,DDD,2013J,-10,,Pass
632,24,DDD,2013J,-6,,Fail
633,69,DDD,2013J,-15,,Withdrawn
634,67,DDD,2013J,-15,,Withdrawn
635,92,DDD,2013J,-6,,Fail
636,97,DDD,2013J,-7,,Distinction
637,147,DDD,2013J,-6,,Distinction
638,138,DDD,2013J,-9,,Credit
639,46,DDD,2013J,-11,,Pass
640,179,DDD,2013J,-8,,Distinction
641,31,DDD,2013J,-12,274.0,Withdrawn
642,2,DDD,2013J,-11,252.0,Withdrawn
643,22,DDD,2013J,-8,292.0,Withdrawn
644,38,DDD,2013J,-7,,Credit
645,123,DDD,2013J,-15,,Pass
646,173,DDD,2013J,-9,,Pass
647,167,DDD,2013J,-8,,Withdrawn
648,80,DDD,2013J,-10,,Distinction
649,196,DDD,2013J,-9,,Withdrawn
650,164,DDD,2014B,-14,274.0,Distinction
651,93,DDD,2014B,-13,,Withdrawn
652,51,DDD,2014B,-6,,Distinction
653,168,DDD,2014B,-6,,Withdrawn
654,133,DDD,2014B,-12,,Credit
655,198,DDD,2014B,-6,,Pass
656,7,DDD,2014B,-8,,Fail
657,97,DDD,2014B,-15,,Distinction
658,55,DDD,2014B,-8,,Withdrawn
659,94,DDD,2014B,-6,227.0,Withdrawn
660,34,DDD,2014B,-11,215.0,Credit
661,91,DDD,2014B,-9,236.0,Withdrawn
662,157,DDD,2014B,-13,,Fail
663,85,DDD,2014B,-13,,Withdrawn
664,189,DDD,2014B,-11,,Fail
665,29,DDD,2014B,-12,,Fail
666,155,DDD,2014B,-14,,Credit
667,82,DDD,2014B,-11,,Withdrawn
668,21,DDD,2014B,-13,,Withdrawn
669,38,DDD,2014B,-10,,Fail
670,179,DDD,2014B,-12,,Distinction
671,169,DDD,2014B,-9,,Fail
672,84,DDD,2014B,-7,,Fail
673,148,DDD,2014B,-14,,Fail
674,173,DDD,2014B,-9,,Withdrawn
675,117,DDD,2014B,-10,,Withdrawn
676,137,DDD,2014B,-14,208.0,Credit
677,154,DDD,2014B,-9,,Credit
678,2,DDD,2014B,-13,,Withdrawn
679,106,DDD,2014B,-13,,Credit
680,25,DDD,2014B,-12,,Credit
681,197,DDD,2014B,-8,,Withdrawn
682,120,DDD,2014B,-8,,Withdrawn
683,136,DDD,2014B,-12,,Credit
684,114,DDD,2014B,-15,,Fail
685,10,DDD,2014B,-15,,Withdrawn
686,46,DDD,2014B,-6,,Credit
687,144,DDD,2014B,-8,,Pass
688,105,DDD,2014B,-6,,Credit
689,33,DDD,2014B,-13,,Credit
690,121,DDD,2014B,-15,,Distinction
691,196,DDD,2014B,-14,,Fail
692,12,DDD,2014B,-10,,Withdrawn
693,9,DDD,2014B,-6,,Distinction
694,102,DDD,2014B,-8,,Credit
695,42,DDD,2014B,-11,,Withdrawn
696,124,DDD,2014B,-10,,Credit
697,116,DDD,2014B,-7,,Credit
698,48,DDD,2014B,-7,,Distinction
699,53,DDD,2014B,-6,295.0,Distinction
700,152,DDD,2014B,-14,,Fail
701,1,DDD,2014B,-14,,Fail
702,171,DDD,2014B,-12,,Pass
703,35,DDD,2014B,-14,,Credit
704,123,DDD,2014B,-11,,Withdrawn
705,194,DDD,2014B,-9,,Credit
706,64,DDD,2014B,-11,,Credit
707,153,DDD,2014B,-6,,Fail
708,140,DDD,2014B,-12,,Withdrawn
709,41,DDD,2014B,-12,,Distinction
710,165,DDD,2014B,-12,,Pass
711,130,DDD,2014B,-9,215.0,Pass
712,77,DDD,2014B,-11,,Pass
713,88,DDD,2014B,-9,269.0,Fail
714,147,DDD,2014B,-15,,Withdrawn
715,83,DDD,2014B,-9,,Fail
716,11,DDD,2014B,-15,,Fail
717,67,DDD,2014B,-14,,Pass
718,139,DDD,2014B,-12,,Pass
719,75,DDD,2014B,-15,298.0,Distinction
720,115,DDD,2014B,-13,,Withdrawn
721,127,DDD,2014B,-12,,Distinction
722,87,DDD,2014B,-10,,Credit
723,126,DDD,2014B,-11,,Distinction
724,118,DDD,2014B,-8,283.0,Fail
725,138,DDD,2014B,-9,238.0,Pass
726,109,DDD,2014B,-10,,Pass
727,56,DDD,2014B,-12,,Distinction
728,161,DDD,2014B,-6,,Distinction
729,86,DDD,2014B,-15,,Fail
730,23,DDD,2014B,-10,,Pass
731,95,DDD,2014B,-15,,Pass
732,98,DDD,2014B,-11,,Fail
733,160,DDD,2014B,-12,,Distinction
734,39,DDD,2014B,-9,,Pass
735,76,DDD,2014J,-11,,Fail
736,15,DDD,2014J,-9,,Credit
737,179,DDD,2014J,-13,,Credit
738,3,DDD,2014J,-10,,Distinction
739,56,DDD,2014J,-6,,Pass
740,152,DDD,2014J,-14,,Credit
741,59,DDD,2014J,-8,,Fail
742,63,DDD,2014J,-10,,Distinction
743,182,DDD,2014J,-11,,Fail
744,147,DDD,2014J,-13,,Distinction
745,101,DDD,2014J,-6,,Withdrawn
746,170,DDD,2014J,-9,,Withdrawn
747,123,DDD,2014J,-6,,Credit
748,84,DDD,2014J,-9,,Pass
749,9,DDD,2014J,-13,,Withdrawn
750,55,DDD,2014J,-13,237.0,Withdrawn
751,48,DDD,2014J,-13,,Credit
752,5,DDD,2014J,-12,,Pass
753,62,DDD,2014J,-11,207.0,Withdrawn
754,165,DDD,2014J,-13,,Fail
755,135,DDD,2014J,-11,214.0,Credit
756,148,DDD,2014J,-7,,Distinction
757,6,DDD,2014J,-11,,Credit
758,143,DDD,2014J,-8,,Distinction
759,124,DDD,2014J,-14,,Distinction
760,100,DDD,2014J,-6,,Distinction
761,69,DDD,2014J,-12,,Pass
762,144,DDD,2014J,-10,,Pass
763,21,DDD,2014J,-7,,Withdrawn
764,58,DDD,2014J,-14,,Distinction
765,138,DDD,2014J,-13,,Distinction
766,40,DDD,2014J,-8,,Fail
767,94,DDD,2014J,-15,297.0,Pass
768,177,DDD,2014J,-6,,Withdrawn
769,2,DDD,2014J,-11,281.0,Credit
770,130,DDD,2014J,-14,,Withdrawn
771,91,DDD,2014J,-14,,Fail
772,174,DDD,2014J,-14,,Pass
773,157,DDD,2014J,-13,,Withdrawn
774,168,DDD,2014J,-6,,Withdrawn
775,190,DDD,2014J,-8,,Pass
776,44,DDD,2014J,-9,,Pass
777,180,DDD,2014J,-14,,Fail
778,178,DDD,2014J,-15,,Pass
779,73,DDD,2014J,-12,,Distinction
780,37,DDD,2014J,-11,,Credit
781,70,DDD,2014J,-13,,Withdrawn
782,31,DDD,2014J,-9,,Fail
783,166,DDD,2014J,-13,,Fail
784,66,DDD,2014J,-9,,Withdrawn
785,16,DDD,2014J,-6,,Distinction
786,186,DDD,2014J,-7,,Pass
787,131,DDD,2014J,-9,,Withdrawn
788,18,DDD,2014J,-14,,Distinction
789,160,DDD,2014J,-11,,Pass
790,32,DDD,2014J,-14,246.0,Pass
791,27,DDD,2014J,-6,,Fail
792,71,DDD,2014J,-10,,Withdrawn
793,104,DDD,2014J,-7,,Credit
794,173,DDD,2014J,-8,,Withdrawn
795,112,DDD,2014J,-15,,Withdrawn
796,169,DDD,2014J,-10,,Distinction
797,24,DDD,2014J,-7,,Credit
798,127,DDD,2014J,-14,,Pass
799,8,DDD,2014J,-7,,Withdrawn
800,191,DDD,2014J,-14,,Withdrawn
801,192,DDD,2014J,-13,218.0,Credit
802,145,DDD,2014J,-15,,Withdrawn
803,132,DDD,2014J,-13,,Fail
804,163,DDD,2014J,-7,297.0,Distinction
805,183,DDD,2014J,-14,,Pass
806,85,DDD,2014J,-7,,Pass
807,106,DDD,2014J,-7,,Pass
808,136,DDD,2014J,-15,,Fail
809,169,EEE,2013J,-8,,Credit
810,138,EEE,2013J,-14,,Credit
811,171,EEE,2013J,-10,,Credit
812,53,EEE,2013J,-12,,Pass
813,101,EEE,2013J,-7,,Withdrawn
814,127,EEE,2013J,-12,,Distinction
815,136,EEE,2013J,-14,,Fail
816,123,EEE,2013J,-7,,Credit
817,97,EEE,2013J,-10,,Withdrawn
818,19,EEE,2013J,-7,,Pass
819,119,EEE,2013J,-10,,Withdrawn
820,78,EEE,2013J,-7,,Withdrawn
821,57,EEE,2013J,-12,,Withdrawn
822,44,EEE,2013J,-10,,Credit
823,65,EEE,2013J,-6,,Pass
824,61,EEE,2013J,-15,,Credit
825,166,EEE,2013J,-12,,Credit
826,87,EEE,2013J,-10,,Distinction
827,98,EEE,2013J,-11,,Pass
828,128,EEE,2013J,-7,,Distinction
829,174,EEE,2013J,-11,,Credit
830,140,EEE,2013J,-7,,Credit
831,54,EEE,2013J,-9,,Pass
832,173,EEE,2013J,-15,,Distinction
833,195,EEE,2013J,-15,,Fail
834,142,EEE,2013J,-12,,Pass
835,33,EEE,2013J,-15,,Distinction
836,114,EEE,2013J,-9,269.0,Credit
837,175,EEE,2013J,-9,,Distinction
838,43,EEE,2013J,-8,,Withdrawn
839,47,EEE,2013J,-15,,Withdrawn
840,151,EEE,2013J,-6,,Credit
841,41,EEE,2013J,-9,,Credit
842,182,EEE,2013J,-14,,Pass
843,94,EEE,2013J,-9,,Credit
844,158,EEE,2013J,-9,,Credit
845,77,EEE,2013J,-15,,Distinction
846,66,EEE,2013J,-12,,Withdrawn
847,1,EEE,2013J,-11,,Distinction
848,150,EEE,2013J,-6,,Pass
849,76,EEE,2013J,-10,,Pass
850,22,EEE,2013J,-10,,Distinction
851,32,EEE,2013J,-15,,Pass
852,126,EEE,2013J,-10,,Fail
853,153,EEE,2013J,-13,,Withdrawn
854,112,EEE,2013J,-10,,Withdrawn
855,188,EEE,2013J,-13,,Credit
856,194,EEE,2013J,-15,,Credit
857,189,EEE,2013J,-9,,Distinction
858,104,EEE,2013J,-8,,Pass
859,113,EEE,2013J,-7,234.0,Credit
860,149,EEE,2013J,-15,,Withdrawn
861,38,EEE,2013J,-10,250.0,Distinction
862,118,EEE,2013J,-11,,Fail
863,3,EEE,2013J,-10,279.0,Fail
864,28,EEE,2013J,-15,,Pass
865,139,EEE,2013J,-15,,Fail
866,193,EEE,2013J,-11,,Credit
867,26,EEE,2013J,-12,,Pass
868,148,EEE,2013J,-14,,Withdrawn
869,107,EEE,2013J,-15,,Distinction
870,46,EEE,2013J,-12,,Withdrawn
871,164,EEE,2013J,-6,217.0,Withdrawn
872,160,EEE,2013J,-15,225.0,Withdrawn
873,71,EEE,2013J,-9,,Pass
874,29,EEE,2013J,-6,,Fail
875,115,EEE,2013J,-9,,Distinction
876,184,EEE,2013J,-11,,Credit
877,24,EEE,2013J,-15,,Withdrawn
878,6,EEE,2013J,-6,,Pass
879,144,EEE,2013J,-9,,Distinction
880,36,EEE,2013J,-7,,Pass
881,199,EEE,2013J,-6,,Credit
882,186,EEE,2013J,-9,,Withdrawn
883,27,EEE,2013J,-12,,Credit
884,191,EEE,2013J,-9,,Fail
885,196,EEE,2013J,-11,,Distinction
886,63,EEE,2013J,-15,,Credit
887,17,EEE,2013J,-13,,Distinction
888,163,EEE,2013J,-15,,Pass
889,80,EEE,2013J,-14,,Fail
890,162,EEE,2013J,-14,,Distinction
891,72,EEE,2013J,-9,,Credit
892,51,EEE,2013J,-15,,Distinction
893,4,EEE,2014B,-13,,Fail
894,179,EEE,2014B,-6,,Credit
895,116,EEE,2014B,-11,,Fail
896,153,EEE,2014B,-14,,Credit
897,165,EEE,2014B,-15,,Withdrawn
898,158,EEE,2014B,-13,,Distinction
899,193,EEE,2014B,-7,,Credit
900,128,EEE,2014B,-11,,Withdrawn
901,186,EEE,2014B,-12,,Fail
902,87,EEE,2014B,-6,,Credit
903,197,EEE,2014B,-11,,Fail
904,70,EEE,2014B,-14,219.0,Distinction
905,83,EEE,2014B,-15,,Withdrawn
906,178,EEE,2014B,-10,,Credit
907,91,EEE,2014B,-10,,Credit
908,38,EEE,2014B,-10,,Credit
909,154,EEE,2014B,-8,,Withdrawn
910,115,EEE,2014B,-7,,Distinction
911,64,EEE,2014B,-14,256.0,Fail
912,77,EEE,2014B,-6,,Distinction
913,51,EEE,2014B,-12,,Credit
914,122,EEE,2014B,-6,,Credit
915,8,EEE,2014B,-7,286.0,Withdrawn
916,31,EEE,2014B,-9,,Withdrawn
917,139,EEE,2014B,-14,,Distinction
918,141,EEE,2014B,-11,234.0,Pass
919,56,EEE,2014B,-14,,Credit
920,35,EEE,2014B,-8,,Fail
921,150,EEE,2014B,-11,251.0,Distinction
922,104,EEE,2014B,-14,,Fail
923,138,EEE,2014B,-15,,Distinction
924,191,EEE,2014B,-12,,Credit
925,39,EEE,2014B,-11,,Credit
926,65,EEE,2014B,-9,,Distinction
927,156,EEE,2014B,-8,,Distinction
928,11,EEE,2014B,-8,,Withdrawn
929,5,EEE,2014B,-6,,Withdrawn
930,177,EEE,2014B,-13,,Credit
931,37,EEE,2014B,-8,,Credit
932,27,EEE,2014B,-14,227.0,Credit
933,89,EEE,2014B,-11,,Credit
934,53,EEE,2014B,-11,,Credit
935,189,EEE,2014B,-8,,Fail
936,32,EEE,2014B,-7,,Withdrawn
937,127,EEE,2014B,-11,,Fail
938,119,EEE,2014B,-7,,Credit
939,93,EEE,2014B,-6,,Fail
940,151,EEE,2014B,-13,,Fail
941,167,EEE,2014B,-11,,Fail
942,22,EEE,2014B,-6,,Withdrawn
943,60,EEE,2014B,-11,,Withdrawn
944,174,EEE,2014B,-15,,Withdrawn
945,135,EEE,2014B,-9,,Withdrawn
946,111,EEE,2014B,-12,,Withdrawn
947,182,EEE,2014B,-6,211.0,Credit
948,34,EEE,2014B,-11,,Distinction
949,140,EEE,2014B,-7,,Fail
950,106,EEE,2014B,-10,,Pass
951,175,EEE,2014B,-11,,Credit
952,36,EEE,2014B,-9,,Credit
953,69,EEE,2014B,-6,,Withdrawn
954,161,EEE,2014B,-15,,Distinction
955,143,EEE,2014B,-8,,Pass
956,133,EEE,2014B,-6,214.0,Withdrawn
957,3,EEE,2014B,-13,,Credit
958,125,EEE,2014B,-10,,Credit
959,59,EEE,2014B,-8,,Fail
960,105,EEE,2014B,-14,,Pass
961,86,EEE,2014B,-7,,Credit
962,170,EEE,2014B,-13,,Distinction
963,23,EEE,2014B,-9,,Fail
964,66,EEE,2014B,-7,,Credit
965,40,EEE,2014B,-6,,Fail
966,48,EEE,2014B,-11,,Distinction
967,28,EEE,2014B,-9,,Distinction
968,21,EEE,2014B,-8,,Credit
969,195,EEE,2014B,-10,,Distinction
970,53,EEE,2014J,-15,,Pass
971,127,EEE,2014J,-9,,Credit
972,178,EEE,2014J,-14,,Distinction
973,108,EEE,2014J,-14,,Credit
974,22,EEE,2014J,-9,,Fail
975,46,EEE,2014J,-10,,Distinction
976,31,EEE,2014J,-7,,Pass
977,66,EEE,2014J,-13,,Fail
978,94,EEE,2014J,-12,,Distinction
979,184,EEE,2014J,-14,,Fail
980,154,EEE,2014J,-10,,Distinction
981,8,EEE,2014J,-15,,Fail
982,175,EEE,2014J,-6,,Credit
983,32,EEE,2014J,-6,,Fail
984,23,EEE,2014J,-9,,Credit
985,15,EEE,2014J,-6,,Distinction
986,96,EEE,2014J,-13,,Credit
987,74,EEE,2014J,-10,,Withdrawn
988,169,EEE,2014J,-6,,Credit
989,11,EEE,2014J,-10,,Credit
990,153,EEE,2014J,-13,,Credit
991,26,EEE,2014J,-13,275.0,Withdrawn
992,103,EEE,2014J,-15,,Credit
993,160,EEE,2014J,-12,287.0,Distinction
994,179,EEE,2014J,-12,,Withdrawn
995,144,EEE,2014J,-6,276.0,Pass
996,195,EEE,2014J,-11,,Fail
997,14,EEE,2014J,-8,,Pass
998,142,EEE,2014J,-12,,Pass
999,186,EEE,2014J,-8,,Withdrawn
1000,35,EEE,2014J,-12,,Withdrawn
1001,79,EEE,2014J,-10,,Distinction
1002,29,EEE,2014J,-13,,Credit
1003,24,EEE,2014J,-7,,Credit
1004,137,EEE,2014J,-12,,Pass
1005,12,EEE,2014J,-6,,Pass
1006,133,EEE,2014J,-9,,Fail
1007,134,EEE,2014J,-6,,Withdrawn
1008,99,EEE,2014J,-12,,Withdrawn
1009,115,EEE,2014J,-7,,Withdrawn
1010,4,EEE,2014J,-8,,Distinction
1011,73,EEE,2014J,-8,,Withdrawn
1012,123,EEE,2014J,-13,,Withdrawn
1013,187,EEE,2014J,-6,,Withdrawn
1014,110,EEE,2014J,-8,,Fail
1015,105,EEE,2014J,-14,,Pass
1016,82,EEE,2014J,-9,,Distinction
1017,39,EEE,2014J,-12,,Credit
1018,162,EEE,2014J,-7,,Distinction
1019,131,EEE,2014J,-10,,Pass
1020,64,EEE,2014J,-10,,Fail
1021,101,EEE,2014J,-7,,Distinction
1022,2,EEE,2014J,-8,,Fail
1023,81,EEE,2014J,-15,,Withdrawn
1024,182,EEE,2014J,-9,,Withdrawn
1025,171,EEE,2014J,-11,,Credit
1026,125,EEE,2014J,-6,,Fail
1027,88,EEE,2014J,-14,,Pass
1028,60,EEE,2014J,-14,,Withdrawn
1029,75,EEE,2014J,-7,,Withdrawn
1030,89,EEE,2014J,-9,,Withdrawn
1031,157,EEE,2014J,-12,,Pass
1032,72,EEE,2014J,-6,,Credit
1033,155,EEE,2014J,-9,,Withdrawn
1034,107,EEE,2014J,-10,,Fail
1035,104,EEE,2014J,-14,,Credit
1036,90,EEE,2014J,-13,,Withdrawn
1037,152,EEE,2014J,-10,,Pass
1038,118,EEE,2014J,-9,,Pass
1039,140,EEE,2014J,-8,,Fail
1040,173,EEE,2014J,-15,,Pass
1041,67,EEE,2014J,-15,,Credit
1042,116,EEE,2014J,-12,,Credit
1043,83,EEE,2014J,-15,,Pass
1044,138,EEE,2014J,-9,,Pass
1045,3,EEE,2014J,-10,,Pass
1046,65,EEE,2014J,-14,,Fail
1047,112,EEE,2014J,-6,201.0,Credit
1048,106,EEE,2014J,-10,,Credit
1049,70,EEE,2014J,-14,,Withdrawn
1050,47,EEE,2014J,-15,,Distinction
1051,18,EEE,2014J,-13,,Credit
1052,197,EEE,2014J,-11,,Fail
1053,5,EEE,2014J,-6,,Pass
1054,28,EEE,2014J,-15,202.0,Fail
1055,25,EEE,2014J,-8,,Pass
1056,54,EEE,2014J,-11,,Pass
1057,20,EEE,2014J,-10,,Pass
1058,163,EEE,2014J,-10,,Pass
1059,167,EEE,2014J,-8,,Withdrawn
1060,180,EEE,2014J,-9,,Withdrawn
1061,145,FFF,2013B,-9,204.0,Distinction
1062,197,FFF,2013B,-6,,Credit
1063,62,FFF,2013B,-15,,Credit
1064,34,FFF,2013B,-7,,Fail
1065,89,FFF,2013B,-12,,Distinction
1066,12,FFF,2013B,-14,,Credit
1067,63,FFF,2013B,-12,,Distinction
1068,38,FFF,2013B,-15,,Pass
1069,96,FFF,2013B,-13,,Credit
1070,130,FFF,2013B,-10,281.0,Credit
1071,23,FFF,2013B,-12,,Distinction
1072,113,FFF,2013B,-7,,Fail
1073,61,FFF,2013B,-9,,Fail
1074,101,FFF,2013B,-12,,Fail
1075,97,FFF,2013B,-14,,Withdrawn
1076,119,FFF,2013B,-7,232.0,Pass
1077,78,FFF,2013B,-14,,Pass
1078,144,FFF,2013B,-6,,Distinction
1079,52,FFF,2013B,-6,,Pass
1080,137,FFF,2013B,-12,,Withdrawn
1081,157,FFF,2013B,-9,,Distinction
1082,194,FFF,2013B,-14,240.0,Fail
1083,176,FFF,2013B,-14,,Withdrawn
1084,122,FFF,2013B,-11,,Fail
1085,51,FFF,2013B,-6,,Pass
1086,146,FFF,2013B,-7,,Pass
1087,170,FFF,2013B,-13,,Withdrawn
1088,199,FFF,2013B,-10,,Credit
1089,141,FFF,2013B,-15,,Distinction
1090,140,FFF,2013B,-12,,Credit
1091,40,FFF,2013B,-6,,Fail
1092,17,FFF,2013B,-8,243.0,Withdrawn
1093,171,FFF,2013B,-14,,Withdrawn
1094,126,FFF,2013B,-8,,Distinction
1095,165,FFF,2013B,-13,,Distinction
1096,21,FFF,2013B,-13,,Pass
1097,152,FFF,2013B,-9,,Credit
1098,184,FFF,2013B,-13,,Credit
1099,200,FFF,2013B,-9,,Distinction
1100,182,FFF,2013B,-13,,Distinction
1101,18,FFF,2013B,-9,,Fail
1102,44,FFF,2013B,-8,,Fail
1103,142,FFF,2013B,-11,,Credit
1104,47,FFF,2013B,-11,,Withdrawn
1105,139,FFF,2013B,-15,,Distinction
1106,160,FFF,2013B,-14,,Credit
1107,115,FFF,2013B,-9,,Distinction
1108,167,FFF,2013B,-15,,Distinction
1109,128,FFF,2013B,-10,,Credit
1110,22,FFF,2013B,-8,,Distinction
1111,5,FFF,2013B,-8,,Distinction
1112,95,FFF,2013B,-9,,Credit
1113,19,FFF,2013B,-10,,Credit
1114,98,FFF,2013B,-9,,Pass
1115,153,FFF,2013B,-9,,Credit
1116,121,FFF,2013B,-7,,Distinction
1117,57,FFF,2013B,-6,,Pass
1118,92,FFF,2013B,-7,,Credit
1119,106,FFF,2013B,-7,,Pass
1120,30,FFF,2013B,-6,,Pass
1121,110,FFF,2013B,-6,,Distinction
1122,127,FFF,2013B,-13,,Distinction
1123,56,FFF,2013B,-12,,Pass
1124,60,FFF,2013B,-7,,Withdrawn
1125,1,FFF,2013B,-15,,Withdrawn
1126,107,FFF,2013B,-14,,Distinction
1127,163,FFF,2013B,-14,279.0,Pass
1128,185,FFF,2013B,-10,,Credit
1129,198,FFF,2013B,-13,,Fail
1130,4,FFF,2013B,-6,,Credit
1131,32,FFF,2013B,-15,,Pass
1132,83,FFF,2013B,-14,,Credit
1133,136,FFF,2013B,-10,,Credit
1134,48,FFF,2013B,-13,,Distinction
1135,33,FFF,2013B,-15,,Credit
1136,114,FFF,2013B,-14,,Withdrawn
1137,164,FFF,2013B,-7,,Pass
1138,7,FFF,2013B,-6,,Fail
1139,76,FFF,2013B,-12,216.0,Pass
1140,123,FFF,2013B,-8,,Pass
1141,39,FFF,2013B,-9,,Withdrawn
1142,174,FFF,2013B,-7,,Withdrawn
1143,179,FFF,2013B,-13,,Credit
1144,50,FFF,2013B,-8,,Withdrawn
1145,41,FFF,2013B,-13,,Pass
1146,188,FFF,2013B,-9,,Distinction
1147,120,FFF,2013B,-13,220.0,Credit
1148,10,FFF,2013B,-11,,Withdrawn
1149,13,FFF,2013B,-12,,Fail
1150,69,FFF,2013B,-14,,Distinction
1151,43,FFF,2013B,-6,,Distinction
1152,68,FFF,2013B,-13,,Pass
1153,200,FFF,2013J,-8,,Distinction
1154,186,FFF,2013J,-11,,Pass
1155,87,FFF,2013J,-10,,Fail
1156,129,FFF,2013J,-14,,Withdrawn
1157,176,FFF,2013J,-12,271.0,Distinction
1158,97,FFF,2013J,-7,,Withdrawn
1159,169,FFF,2013J,-11,,Distinction
1160,65,FFF,2013J,-8,,Distinction
1161,56,FFF,2013J,-14,,Pass
1162,98,FFF,2013J,-12,,Credit
1163,10,FFF,2013J,-14,,Withdrawn
1164,67,FFF,2013J,-15,,Fail
1165,110,FFF,2013J,-15,269.0,Pass
1166,83,FFF,2013J,-8,,Credit
1167,194,FFF,2013J,-8,,Credit
1168,197,FFF,2013J,-8,,Pass
1169,190,FFF,2013J,-10,,Distinction
1170,106,FFF,2013J,-14,,Distinction
1171,138,FFF,2013J,-8,,Withdrawn
1172,62,FFF,2013J,-14,,Credit
1173,82,FFF,2013J,-13,,Credit
1174,155,FFF,2013J,-14,,Fail
1175,174,FFF,2013J,-8,,Withdrawn
1176,111,FFF,2013J,-11,,Pass
1177,64,FFF,2013J,-12,,Distinction
1178,51,FFF,2013J,-14,,Credit
1179,157,FFF,2013J,-7,,Fail
1180,139,FFF,2013J,-9,,Fail
1181,81,FFF,2013J,-11,,Fail
1182,184,FFF,2013J,-6,,Distinction
1183,2,FFF,2013J,-9,,Withdrawn
1184,172,FFF,2013J,-13,,Credit
1185,144,FFF,2013J,-6,,Fail
1186,72,FFF,2013J,-8,,Withdrawn
1187,179,FFF,2014B,-11,,Distinction
1188,19,FFF,2014B,-12,,Distinction
1189,162,FFF,2014B,-6,,Pass
1190,50,FFF,2014B,-8,,Credit
1191,118,FFF,2014B,-15,,Withdrawn
1192,152,FFF,2014B,-14,,Distinction
1193,82,FFF,2014B,-13,,Withdrawn
1194,90,FFF,2014B,-7,,Fail
1195,169,FFF,2014B,-9,,Distinction
1196,43,FFF,2014B,-9,,Fail
1197,61,FFF,2014B,-7,,Credit
1198,71,FFF,2014B,-12,253.0,Distinction
1199,18,FFF,2014B,-11,,Distinction
1200,99,FFF,2014B,-6,,Pass
1201,63,FFF,2014B,-6,,Fail
1202,44,FFF,2014B,-11,,Pass
1203,156,FFF,2014B,-12,,Distinction
1204,51,FFF,2014B,-6,,Pass
1205,124,FFF,2014B,-12,238.0,Withdrawn
1206,125,FFF,2014B,-14,,Distinction
1207,14,FFF,2014B,-10,,Credit
1208,16,FFF,2014B,-9,261.0,Distinction
1209,151,FFF,2014B,-13,,Fail
1210,23,FFF,2014B,-14,,Fail
1211,136,FFF,2014B,-15,,Pass
1212,5,FFF,2014B,-12,,Withdrawn
1213,95,FFF,2014B,-15,,Credit
1214,192,FFF,2014B,-10,,Distinction
1215,184,FFF,2014B,-14,,Distinction
1216,76,FFF,2014B,-8,,Fail
1217,114,FFF,2014B,-11,,Pass
1218,200,FFF,2014B,-14,,Pass
1219,153,FFF,2014B,-10,,Credit
1220,15,FFF,2014B,-12,,Distinction
1221,181,FFF,2014B,-15,,Credit
1222,176,FFF,2014B,-9,,Distinction
1223,59,FFF,2014B,-15,,Withdrawn
1224,157,FFF,2014B,-12,,Distinction
1225,94,FFF,2014B,-9,,Distinction
1226,159,FFF,2014B,-9,223.0,Pass
1227,190,FFF,2014B,-7,262.0,Fail
1228,24,FFF,2014B,-12,,Withdrawn
1229,86,FFF,2014B,-9,,Withdrawn
1230,81,FFF,2014B,-9,,Distinction
1231,141,FFF,2014B,-14,,Withdrawn
1232,45,FFF,2014B,-14,,Distinction
1233,139,FFF,2014B,-14,,Pass
1234,194,FFF,2014B,-14,,Withdrawn
1235,109,FFF,2014B,-11,,Fail
1236,121,FFF,2014B,-13,207.0,Withdrawn
1237,26,FFF,2014B,-11,,Pass
1238,193,FFF,2014B,-8,,Credit
1239,142,FFF,2014B,-9,,Pass
1240,163,FFF,2014B,-10,,Pass
1241,55,FFF,2014B,-9,,Fail
1242,66,FFF,2014B,-6,,Distinction
1243,72,FFF,2014B,-11,,Distinction
1244,155,FFF,2014B,-7,,Distinction
1245,64,FFF,2014B,-13,,Credit
1246,103,FFF,2014B,-15,,Withdrawn
1247,117,FFF,2014B,-12,,Pass
1248,75,FFF,2014B,-14,230.0,Pass
1249,172,FFF,2014B,-15,292.0,Fail
1250,28,FFF,2014J,-6,,Pass
1251,29,FFF,2014J,-15,,Credit
1252,80,FFF,2014J,-6,,Fail
1253,35,FFF,2014J,-7,,Distinction
1254,9,FFF,2014J,-15,,Withdrawn
1255,173,FFF,2014J,-13,,Withdrawn
1256,158,FFF,2014J,-12,,Credit
1257,27,FFF,2014J,-6,,Distinction
1258,49,FFF,2014J,-10,206.0,Withdrawn
1259,112,FFF,2014J,-15,,Pass
1260,45,FFF,2014J,-10,,Distinction
1261,181,FFF,2014J,-6,,Withdrawn
1262,7,FFF,2014J,-15,,Fail
1263,126,FFF,2014J,-14,273.0,Fail
1264,174,FFF,2014J,-11,,Distinction
1265,135,FFF,2014J,-14,,Credit
1266,114,FFF,2014J,-15,,Distinction
1267,139,FFF,2014J,-13,,Withdrawn
1268,140,FFF,2014J,-6,,Withdrawn
1269,147,FFF,2014J,-7,214.0,Pass
1270,171,FFF,2014J,-7,,Credit
1271,17,FFF,2014J,-10,,Fail
1272,44,FFF,2014J,-7,,Credit
1273,178,FFF,2014J,-7,,Distinction
1274,191,FFF,2014J,-15,,Withdrawn
1275,197,FFF,2014J,-14,,Withdrawn
1276,188,FFF,2014J,-6,,Fail
1277,168,FFF,2014J,-11,,Credit
1278,184,FFF,2014J,-12,,Fail
1279,32,FFF,2014J,-12,,Fail
1280,59,FFF,2014J,-13,,Credit
1281,104,FFF,2014J,-11,,Credit
1282,177,FFF,2014J,-6,281.0,Distinction
1283,169,FFF,2014J,-9,,Fail
1284,82,FFF,2014J,-12,,Distinction
1285,95,FFF,2014J,-14,,Distinction
1286,61,FFF,2014J,-14,,Credit
1287,62,FFF,2014J,-10,,Withdrawn
1288,101,FFF,2014J,-15,,Distinction
1289,186,FFF,2014J,-9,,Pass
1290,103,FFF,2014J,-15,,Withdrawn
1291,98,FFF,2014J,-6,,Withdrawn
1292,64,FFF,2014J,-15,,Credit
1293,122,FFF,2014J,-8,,Pass
1294,69,FFF,2014J,-14,,Distinction
1295,200,FFF,2014J,-12,,Credit
1296,129,FFF,2014J,-11,299.0,Credit
1297,192,FFF,2014J,-7,,Fail
1298,193,FFF,2014J,-6,,Credit
1299,92,FFF,2014J,-10,,Credit
1300,54,FFF,2014J,-14,,Fail
1301,132,FFF,2014J,-15,,Credit
1302,20,FFF,2014J,-11,,Credit
1303,21,FFF,2014J,-11,,Pass
1304,68,FFF,2014J,-11,,Fail
1305,61,GGG,2013J,-15,,Fail
1306,51,GGG,2013J,-14,,Credit
1307,141,GGG,2013J,-13,,Distinction
1308,129,GGG,2013J,-7,,Distinction
1309,55,GGG,2013J,-11,,Distinction
1310,192,GGG,2013J,-8,,Pass
1311,93,GGG,2013J,-11,,Fail
1312,36,GGG,2013J,-11,,Credit
1313,79,GGG,2013J,-7,,Credit
1314,5,GGG,2013J,-9,,Withdrawn
1315,102,GGG,2013J,-7,,Pass
1316,133,GGG,2013J,-13,,Distinction
1317,117,GGG,2013J,-10,,Credit
1318,46,GGG,2013J,-13,,Withdrawn
1319,120,GGG,2013J,-12,,Fail
1320,185,GGG,2013J,-13,,Credit
1321,88,GGG,2013J,-12,,Distinction
1322,1,GGG,2013J,-14,,Withdrawn
1323,170,GGG,2013J,-12,,Withdrawn
1324,148,GGG,2013J,-7,,Distinction
1325,147,GGG,2013J,-14,,Distinction
1326,168,GGG,2013J,-13,,Distinction
1327,190,GGG,2013J,-15,,Pass
1328,169,GGG,2013J,-8,,Distinction
1329,182,GGG,2013J,-13,,Distinction
1330,64,GGG,2013J,-10,,Distinction
1331,137,GGG,2013J,-14,,Distinction
1332,6,GGG,2013J,-6,,Credit
1333,106,GGG,2013J,-8,,Pass
1334,180,GGG,2013J,-8,,Pass
1335,49,GGG,2013J,-6,,Distinction
1336,34,GGG,2013J,-8,,Fail
1337,7,GGG,2013J,-11,,Distinction
1338,175,GGG,2013J,-12,,Distinction
1339,91,GGG,2013J,-15,,Fail
1340,139,GGG,2013J,-14,,Withdrawn
1341,60,GGG,2013J,-8,,Credit
1342,164,GGG,2013J,-7,,Distinction
1343,123,GGG,2013J,-12,,Distinction
1344,136,GGG,2013J,-15,209.0,Withdrawn
1345,118,GGG,2013J,-14,,Distinction
1346,50,GGG,2013J,-10,252.0,Fail
1347,125,GGG,2013J,-9,,Fail
1348,71,GGG,2013J,-9,209.0,Credit
1349,101,GGG,2013J,-9,,Withdrawn
1350,69,GGG,2013J,-9,,Pass
1351,116,GGG,2013J,-11,,Fail
1352,199,GGG,2013J,-12,,Credit
1353,183,GGG,2013J,-9,,Withdrawn
1354,12,GGG,2013J,-8,,Pass
1355,80,GGG,2014B,-11,,Credit
1356,180,GGG,2014B,-9,273.0,Credit
1357,42,GGG,2014B,-15,,Fail
1358,58,GGG,2014B,-15,,Distinction
1359,200,GGG,2014B,-10,276.0,Pass
1360,127,GGG,2014B,-15,,Distinction
1361,145,GGG,2014B,-7,,Distinction
1362,65,GGG,2014B,-8,,Withdrawn
1363,85,GGG,2014B,-8,288.0,Distinction
1364,12,GGG,2014B,-7,,Credit
1365,165,GGG,2014B,-6,,Pass
1366,20,GGG,2014B,-14,,Distinction
1367,143,GGG,2014B,-12,,Distinction
1368,173,GGG,2014B,-12,,Pass
1369,60,GGG,2014B,-7,,Distinction
1370,77,GGG,2014B,-14,,Credit
1371,55,GGG,2014B,-15,,Fail
1372,157,GGG,2014B,-10,,Credit
1373,175,GGG,2014B,-15,,Distinction
1374,158,GGG,2014B,-10,,Distinction
1375,176,GGG,2014B,-13,,Credit
1376,105,GGG,2014B,-6,,Fail
1377,75,GGG,2014B,-7,,Pass
1378,128,GGG,2014B,-11,284.0,Credit
1379,177,GGG,2014B,-9,,Fail
1380,84,GGG,2014B,-9,,Pass
1381,112,GGG,2014B,-12,,Distinction
1382,164,GGG,2014B,-13,,Withdrawn
1383,198,GGG,2014B,-13,,Distinction
1384,114,GGG,2014B,-13,,Withdrawn
1385,63,GGG,2014B,-6,218.0,Credit
1386,102,GGG,2014B,-15,,Credit
1387,45,GGG,2014B,-8,,Fail
1388,59,GGG,2014B,-12,,Credit
1389,66,GGG,2014B,-15,,Withdrawn
1390,106,GGG,2014B,-7,,Withdrawn
1391,113,GGG,2014B,-14,,Pass
1392,50,GGG,2014B,-6,,Distinction
1393,196,GGG,2014B,-9,,Fail
1394,186,GGG,2014B,-13,,Pass
1395,139,GGG,2014B,-10,,Credit
1396,178,GGG,2014B,-9,,Credit
1397,136,GGG,2014B,-15,,Pass
1398,160,GGG,2014B,-15,,Withdrawn
1399,36,GGG,2014B,-11,218.0,Distinction
1400,7,GGG,2014B,-6,,Distinction
1401,81,GGG,2014B,-7,294.0,Fail
1402,119,GGG,2014B,-9,,Withdrawn
1403,117,GGG,2014B,-12,,Pass
1404,188,GGG,2014B,-6,,Distinction
1405,172,GGG,2014B,-15,267.0,Withdrawn
1406,14,GGG,2014B,-15,,Withdrawn
1407,104,GGG,2014B,-12,,Fail
1408,28,GGG,2014B,-13,,Fail
1409,132,GGG,2014B,-6,,Withdrawn
1410,183,GGG,2014B,-12,,Withdrawn
1411,91,GGG,2014B,-12,,Fail
1412,39,GGG,2014B,-15,,Credit
1413,29,GGG,2014B,-6,,Credit
1414,33,GGG,2014B,-15,,Withdrawn
1415,199,GGG,2014B,-6,,Fail
1416,140,GGG,2014B,-15,,Withdrawn
1417,108,GGG,2014B,-13,,Distinction
1418,94,GGG,2014B,-12,,Credit
1419,46,GGG,2014B,-6,213.0,Credit
1420,4,GGG,2014B,-15,,Pass
1421,135,GGG,2014B,-9,,Fail
1422,11,GGG,2014B,-11,,Withdrawn
1423,141,GGG,2014B,-6,,Pass
1424,124,GGG,2014B,-10,,Distinction
1425,130,GGG,2014B,-9,,Distinction
1426,185,GGG,2014B,-12,,Pass
1427,69,GGG,2014B,-15,,Distinction
1428,110,GGG,2014B,-7,243.0,Distinction
1429,142,GGG,2014B,-10,,Pass
1430,168,GGG,2014B,-10,,Distinction
1431,167,GGG,2014B,-11,279.0,Distinction
1432,40,GGG,2014B,-15,,Credit
1433,48,GGG,2014B,-8,294.0,Withdrawn
1434,23,GGG,2014B,-13,251.0,Credit
1435,52,GGG,2014B,-15,,Withdrawn
1436,182,GGG,2014B,-15,,Withdrawn
1437,87,GGG,2014B,-8,,Fail
1438,181,GGG,2014B,-9,,Withdrawn
1439,5,GGG,2014B,-9,,Credit
1440,190,GGG,2014B,-8,,Distinction
1441,133,GGG,2014B,-11,,Withdrawn
1442,165,GGG,2014J,-6,,Distinction
1443,46,GGG,2014J,-14,,Withdrawn
1444,159,GGG,2014J,-10,,Fail
1445,194,GGG,2014J,-15,,Credit
1446,15,GGG,2014J,-8,285.0,Pass
1447,28,GGG,2014J,-8,,Distinction
1448,138,GGG,2014J,-12,,Withdrawn
1449,155,GGG,2014J,-7,,Withdrawn
1450,108,GGG,2014J,-11,,Distinction
1451,200,GGG,2014J,-10,,Withdrawn
1452,66,GGG,2014J,-14,,Withdrawn
1453,34,GGG,2014J,-8,,Fail
1454,30,GGG,2014J,-6,,Distinction
1455,184,GGG,2014J,-11,286.0,Pass
1456,35,GGG,2014J,-13,,Pass
1457,102,GGG,2014J,-8,,Credit
1458,36,GGG,2014J,-15,,Distinction
1459,134,GGG,2014J,-6,,Pass
1460,97,GGG,2014J,-13,,Distinction
1461,95,GGG,2014J,-7,,Withdrawn
1462,193,GGG,2014J,-6,,Distinction
1463,23,GGG,2014J,-12,,Withdrawn
1464,67,GGG,2014J,-11,286.0,Fail
1465,104,GGG,2014J,-9,246.0,Fail
1466,24,GGG,2014J,-13,208.0,Withdrawn
1467,116,GGG,2014J,-9,,Credit
1468,139,GGG,2014J,-11,,Credit
1469,58,GGG,2014J,-14,,Withdrawn
1470,171,GGG,2014J,-13,,Pass
1471,63,GGG,2014J,-15,221.0,Withdrawn
1472,69,GGG,2014J,-14,,Pass
1473,101,GGG,2014J,-15,,Pass
1474,105,GGG,2014J,-8,,Pass
1475,77,GGG,2014J,-8,,Credit
1476,146,GGG,2014J,-10,,Credit
1477,13,GGG,2014J,-13,,Fail
1478,74,GGG,2014J,-11,,Pass
1479,90,GGG,2014J,-14,,Distinction
1480,192,GGG,2014J,-12,,Credit
1481,143,GGG,2014J,-6,,Distinction
1482,123,GGG,2014J,-7,,Fail
1483,135,GGG,2014J,-10,,Withdrawn
1484,29,GGG,2014J,-10,,Credit
1485,111,GGG,2014J,-10,,Withdrawn
1486,142,GGG,2014J,-9,,Withdrawn
1487,120,GGG,2014J,-7,,Credit
1488,119,GGG,2014J,-10,,Distinction
1489,103,GGG,2014J,-9,,Withdrawn
1490,48,GGG,2014J,-10,,Withdrawn
1491,100,GGG,2014J,-6,,Credit
1492,140,GGG,2014J,-13,,Pass
1493,7,GGG,2014J,-6,,Fail
1494,79,GGG,2014J,-7,,Pass
1495,117,GGG,2014J,-10,,Withdrawn
1496,188,GGG,2014J,-15,,Withdrawn
1497,81,GGG,2014J,-15,,Pass
1498,169,GGG,2014J,-12,,Fail
1499,190,GGG,2014J,-10,,Distinction
1500,118,GGG,2014J,-9,,Withdrawn
1501,75,GGG,2014J,-7,,Fail
1502,157,GGG,2014J,-11,,Fail
1503,83,GGG,2014J,-14,,Pass
1504,167,GGG,2014J,-6,,Distinction
1505,53,GGG,2014J,-13,,Distinction
1506,50,GGG,2014J,-7,,Withdrawn
1507,40,GGG,2014J,-14,,Withdrawn
1508,168,GGG,2014J,-14,,Credit
1509,156,GGG,2014J,-10,,Fail
1510,3,GGG,2014J,-13,,Fail
1511,172,GGG,2014J,-7,,Fail
1512,61,GGG,2014J,-14,,Withdrawn
1513,189,GGG,2014J,-15,,Distinction
1514,175,GGG,2014J,-7,,Credit
1515,49,GGG,2014J,-13,,Withdrawn
1516,199,GGG,2014J,-13,,Credit
1517,114,GGG,2014J,-9,,Distinction
1518,5,GGG,2014J,-6,,Fail
1519,144,GGG,2014J,-8,,Withdrawn
1520,41,GGG,2014J,-14,,Withdrawn
1521,6,GGG,2014J,-8,,Pass
1522,76,GGG,2014J,-9,279.0,Credit
